得,"de2,dé",obtain | must | (complement particle),"Type the reading, Comrade",Image
死,"sǐ,si3",to die,"Type the reading, Comrade",Image
干,"gàn,gan4",to work; do; manage; tree trunk | to concern; shield; dry; clean (Kangxi radical 51),"Type the reading, Comrade",Image
而,"ér,er2",and,"Type the reading, Comrade",Image
等,"deng3,děng",to wait,"Type the reading, Comrade",Image
当,"dang1,dāng",to serve as,"Type the reading, Comrade",Image
所有,"suǒ yǒu,suo3 you3,suo3you3,suǒyǒu",to have; all,"Type the reading, Comrade",Image
也许,"yěxǔ,ye3 xu3,ye3xu3,yě xǔ",perhaps,"Type the reading, Comrade",Image
行,"xing2,xíng",row,"Type the reading, Comrade",Image
不过,"bu2 guo4,bu2guo4,bú guò,búguò",only; merely; but; however ???,"Type the reading, Comrade",Image
发生,"fāshēng,fā shēng,fa1sheng1,fa1 sheng1","to take place, occur","Type the reading, Comrade",Image
一切,"yi2qie4,yíqiè,yi2 qie4,yí qiè","all, every","Type the reading, Comrade",Image
抱,"bao4,bào",to hold; to hug; carry in one's arms; to cradle,"Type the reading, Comrade",Image
抱歉,"bàoqiàn,bao4qian4,bao4 qian4,bào qiàn",be sorry; feel apologetic; to regret,"Type the reading, Comrade",Image
感觉,"gan3 jue2,gǎnjué,gan3jue2,gǎn jué",to feel; become aware of; feeling,"Type the reading, Comrade",Image
肯定,"ken3 ding4,kěndìng,ken3ding4,kěn dìng",sure; definite; affirm; approve,"Type the reading, Comrade",Image
棒,"bang4,bàng",stick; club; good; excellent,"Type the reading, Comrade",Image
以,"yǐ,yi3",to use; according to; so as to; for; by,"Type the reading, Comrade",Image
以为,"yi3 wei2,yǐwéi,yǐ wéi,yi3wei2",think (mistakenly); consider (that); believe,"Type the reading, Comrade",Image
掉,"diao4,diào",to drop; to fall,"Type the reading, Comrade",Image
生活,"sheng1 huo2,shēnghuó,sheng1huo2,shēng huó",life; livelihood; to live,"Type the reading, Comrade",Image
之,"zhi1,zhī",(literary equivalent to 的); (pronoun); of,"Type the reading, Comrade",Image
任何,"ren4 he2,ren4he2,rèn hé,rènhé",any; whatever; whichever,"Type the reading, Comrade",Image
与,"yǔ,yu3",(formal) and; to give; together with; participate; final particle expressing doubt or surprise,"Type the reading, Comrade",Image
弄,"nong4,nòng",do; manage; to handle; make | lane; alley,"Type the reading, Comrade",Image
却,"que4,què",but; yet; however,"Type the reading, Comrade",Image
继续,"jìxù,ji4 xu4,ji4xu4,jì xù",to continue; to go on; to proceed,"Type the reading, Comrade",Image
够,"gòu,gou4",enough; to reach,"Type the reading, Comrade",Image
父亲,"fu4 qin5,fu4qin5,fùqin,fù qin",father,"Type the reading, Comrade",Image
完全,"wán quán,wánquán,wan2quan2,wan2 quan2",complete; whole; totally,"Type the reading, Comrade",Image
可是,"ke3shi4,kě shì,ke3 shi4,kěshì",but; however,"Type the reading, Comrade",Image
谈,"tan2,tán",to talk; to chat; discuss,"Type the reading, Comrade",Image
好像,"hǎo xiàng,hao3 xiang4,hǎoxiàng,hao3xiang4",as if; seem to be,"Type the reading, Comrade",Image
警察,"jing3 cha2,jing3cha2,jǐng chá,jǐngchá",police,"Type the reading, Comrade",Image
场,"chang3,chǎng",field,"Type the reading, Comrade",Image
刚,"gāng,gang1",just (indicating the immediate past); recently; firm,"Type the reading, Comrade",Image
呀,"ya5,ya","ah; oh; (used for 啊 after words ending with a, e, i, o, or ü)","Type the reading, Comrade",Image
情况,"qing2kuang4,qíngkuàng,qíng kuàng,qing2 kuang4",circumstance; state of affairs; situation,"Type the reading, Comrade",Image
只要,"zhi3yao4,zhǐ yào,zhǐyào,zhi3 yao4",so long as; if only; provided that,"Type the reading, Comrade",Image
份,"fen4,fèn","part; portion; (mw for documents, papers, jobs, etc.)","Type the reading, Comrade",Image
底,"dǐ,di3",bottom; background; base,"Type the reading, Comrade",Image
到底,"dào  dǐ,dao4  di3,dàodǐ,dao4di3",after all; in the end (used in a question),"Type the reading, Comrade",Image
成为,"cheng2 wei2,chéngwéi,cheng2wei2,chéng wéi",become; turn into,"Type the reading, Comrade",Image
永远,"yong3yuan3,yǒngyuǎn,yong3 yuan3,yǒng yuǎn",forever; eternal; always,"Type the reading, Comrade",Image
安全,"ān quán,an1 quan2,an1quan2,ānquán",safe; safety; secure; security,"Type the reading, Comrade",Image
留,"liu2,liú","to leave (behind, a message); to retain; to stay","Type the reading, Comrade",Image
计划,"jìhuà,ji4 hua4,ji4hua4,jì huà",plan; project,"Type the reading, Comrade",Image
俩,"liǎ,lia3",(colloquial) two (people),"Type the reading, Comrade",Image
停,"tíng,ting2",to stop; to halt; to park (a car),"Type the reading, Comrade",Image
感谢,"gan3 xie4,gan3xie4,gǎn xiè,gǎnxiè",thank; be grateful,"Type the reading, Comrade",Image
敢,"gan3,gǎn",to dare,"Type the reading, Comrade",Image
从来,"cong2lai2,cónglái,cóng lái,cong2 lai2",have always (from the beginning); never (with negative),"Type the reading, Comrade",Image
赢,"ying2,yíng",to win; to beat; to profit,"Type the reading, Comrade",Image
消息,"xiāo xi,xiao1xi5,xiāoxi,xiao1 xi5",news; information,"Type the reading, Comrade",Image
拉,"lā,la1",to pull; to play (string instruments); to drag | to slash; to chat,"Type the reading, Comrade",Image
原因,"yuan2 yin1,yuányīn,yuán yīn,yuan2yin1",cause; reason,"Type the reading, Comrade",Image
连,"lián,lian2",even; including; join,"Type the reading, Comrade",Image
确实,"que4shi2,que4 shi2,quèshí,què shí",indeed; in truth; reliable,"Type the reading, Comrade",Image
挺,"ting3,tǐng",straighten up; stick out; rather (good); very,"Type the reading, Comrade",Image
保证,"bǎozhèng,bao3zheng4,bǎo zhèng,bao3 zheng4",to guarantee; ensure,"Type the reading, Comrade",Image
接受,"jie1 shou4,jiēshòu,jie1shou4,jiē shòu","accept; receive (honors, etc.)","Type the reading, Comrade",Image
改变,"gai3bian4,gai3 bian4,gǎibiàn,gǎi biàn",to change; alter; to transform,"Type the reading, Comrade",Image
麻烦,"máfan,ma2fan5,má fan,ma2 fan5",trouble (someone); troubling; bothersome,"Type the reading, Comrade",Image
出现,"chūxiàn,chu1 xian4,chū xiàn,chu1xian4",appear; arise; emerge,"Type the reading, Comrade",Image
不管,"bu4 guan3,bù guǎn,bu4guan3,bùguǎn","no matter (what, how, etc.); regardless of","Type the reading, Comrade",Image
甚至,"shen4zhi4,shen4 zhi4,shènzhì,shèn zhì",even (to the point of); so much so that,"Type the reading, Comrade",Image
保护,"bǎo hù,bao3hu4,bao3 hu4,bǎohù",to protect; to defend,"Type the reading, Comrade",Image
真正,"zhen1zheng4,zhen1 zheng4,zhēn zhèng,zhēnzhèng",genuine; real; true,"Type the reading, Comrade",Image
结果,"jie2guo3,jiéguǒ,jie2 guo3,jié guǒ",result; outcome; finally,"Type the reading, Comrade",Image
当时,"dang1 shi2,dāngshí,dang1shi2,dāng shí",then; at that time; while,"Type the reading, Comrade",Image
至少,"zhì shǎo,zhi4 shao3,zhi4shao3,zhìshǎo",at least; (to say the) least,"Type the reading, Comrade",Image
律师,"lv4shi1,lǜ shī,lv4 shi1,lǜshī",lawyer,"Type the reading, Comrade",Image
表演,"biǎo yǎn,biao3yan3,biao3 yan3,biǎoyǎn",perform; to play,"Type the reading, Comrade",Image
无,"wú,wu2",have not; without; not (Kangxi radical 71),"Type the reading, Comrade",Image
猜,"cāi,cai1",to guess,"Type the reading, Comrade",Image
咱们,"zánmen,zan2 men5,zán men,zan2men5",we (including the listener); us; our,"Type the reading, Comrade",Image
进行,"jin4 xing2,jìnxíng,jin4xing2,jìn xíng",carry on; carry out; undertake,"Type the reading, Comrade",Image
内,"nèi,nei4",inside; inner; internal; within,"Type the reading, Comrade",Image
是否,"shi4 fou3,shìfǒu,shì fǒu,shi4fou3",whether (or not); if,"Type the reading, Comrade",Image
调查,"diào chá,diao4cha2,diao4 cha2,diàochá",investigate; survey; inquiry,"Type the reading, Comrade",Image
成功,"chénggōng,chéng gōng,cheng2gong1,cheng2 gong1",success; to succeed,"Type the reading, Comrade",Image
考虑,"kǎo lǜ,kǎolǜ,kao3lv4,kao3 lv4",think over; consider,"Type the reading, Comrade",Image
约会,"yuēhuì,yue1 hui4,yuē huì,yue1hui4",appointment; engagement; date,"Type the reading, Comrade",Image
通过,"tōng guò,tong1 guo4,tōngguò,tong1guo4",by means of; through (a method); pass through; via,"Type the reading, Comrade",Image
开心,"kāi xīn,kāixīn,kai1 xin1,kai1xin1",feel happy; have a great time; make fun of somebody,"Type the reading, Comrade",Image
母亲,"mu3qin5,mǔqin,mǔ qin,mu3 qin5",mother,"Type the reading, Comrade",Image
主意,"zhǔyi,zhu3yi5,zhu3 yi5,zhǔ yi",plan; idea; decision,"Type the reading, Comrade",Image
倒,"dǎo,dao3",to collapse; to fall; fail; to exchange | to pour; contrary to expectations,"Type the reading, Comrade",Image
解释,"jiě shì,jiěshì,jie3 shi4,jie3shi4",to explain,"Type the reading, Comrade",Image
联系,"liánxì,lián xì,lian2 xi4,lian2xi4",integrate; link; connection; contact,"Type the reading, Comrade",Image
证明,"zheng4 ming2,zheng4ming2,zhèngmíng,zhèng míng",proof; testify; confirm; certificate,"Type the reading, Comrade",Image
生命,"sheng1 ming4,sheng1ming4,shēngmìng,shēng mìng",life,"Type the reading, Comrade",Image
难道,"nán dào,nándào,nan2 dao4,nan2dao4",could it be that ...?; don't tell me ...,"Type the reading, Comrade",Image
由,"yóu,you2",follow; from; by; through,"Type the reading, Comrade",Image
指,"zhǐ,zhi3","finger; to point (at, to, out); refer to","Type the reading, Comrade",Image
危险,"wēi xiǎn,wei1xian3,wei1 xian3,wēixiǎn",danger; dangerous; perilous,"Type the reading, Comrade",Image
讨厌,"tǎoyàn,tǎo yàn,tao3 yan4,tao3yan4",to hate; loathe; disgusting; troublesome,"Type the reading, Comrade",Image
醒,"xǐng,xing3",wake up,"Type the reading, Comrade",Image
样子,"yàngzi,yang4 zi5,yàng zi,yang4zi5",manner; air; appearance; looks,"Type the reading, Comrade",Image
有趣,"you3 qu4,yǒuqù,you3qu4,yǒu qù",interesting; fascinating; amusing,"Type the reading, Comrade",Image
提,"ti2,tí",to carry; to lift; to raise (an issue),"Type the reading, Comrade",Image
部分,"bu4 fen5,bù fen,bùfen,bu4fen5",part; share; section,"Type the reading, Comrade",Image
理解,"li3jie3,lǐ jiě,li3 jie3,lǐjiě",comprehend; understand,"Type the reading, Comrade",Image
重,"zhong4,zhòng",heavy; serious; important | repeat; again; overlap,"Type the reading, Comrade",Image
任务,"ren4 wu5,ren4wu5,rèn wu,rènwu",a mission; an assignment; a task,"Type the reading, Comrade",Image
使,"shi3,shǐ",to use; to make; to cause; enable; envoy; messenger,"Type the reading, Comrade",Image
转,"zhuan3,zhuǎn",to turn; to change; pass on | revolve; rotate,"Type the reading, Comrade",Image
博士,"bo2shi4,bóshì,bo2 shi4,bó shì",doctor; PhD,"Type the reading, Comrade",Image
紧张,"jǐnzhāng,jin3 zhang1,jǐn zhāng,jin3zhang1",nervous; tension; strain,"Type the reading, Comrade",Image
放弃,"fàng qì,fang4 qi4,fang4qi4,fàngqì",abandon; renounce; give up,"Type the reading, Comrade",Image
大概,"da4gai4,dàgài,dà gài,da4 gai4",probably; roughly; approximate,"Type the reading, Comrade",Image
重新,"chong2xin1,chong2 xin1,chóngxīn,chóng xīn",again; anew; once more,"Type the reading, Comrade",Image
其中,"qí zhōng,qi2 zhong1,qi2zhong1,qízhōng",among; in; included among these,"Type the reading, Comrade",Image
来自,"láizì,lái zì,lai2 zi4,lai2zi4",come from (a place),"Type the reading, Comrade",Image
本来,"běn lái,ben3lai2,ben3 lai2,běnlái",originally; at first,"Type the reading, Comrade",Image
并且,"bìngqiě,bing4 qie3,bìng qiě,bing4qie3",and; besides; moreover,"Type the reading, Comrade",Image
直接,"zhíjiē,zhi2jie1,zhi2 jie1,zhí jiē",direct; immediate,"Type the reading, Comrade",Image
对于,"duì yú,dui4yu2,duìyú,dui4 yu2",regarding; as far as sth. is concerned; with regards to; for,"Type the reading, Comrade",Image
正常,"zheng4 chang2,zhèng cháng,zheng4chang2,zhèngcháng",normal; regular; ordinary,"Type the reading, Comrade",Image
遍,"bian4,biàn",a time; everywhere; turn; (mw for times or turns),"Type the reading, Comrade",Image
冷静,"leng3 jing4,leng3jing4,lěngjìng,lěng jìng",calm; cool-headed; sober,"Type the reading, Comrade",Image
方法,"fang1fa3,fang1 fa3,fāng fǎ,fāngfǎ",method; way; means,"Type the reading, Comrade",Image
扔,"reng1,rēng",to throw; throw away,"Type the reading, Comrade",Image
能力,"nénglì,neng2li4,neng2 li4,néng lì",capability; capable; ability,"Type the reading, Comrade",Image
另外,"ling4 wai4,lìngwài,lìng wài,ling4wai4",another; in addition; besides,"Type the reading, Comrade",Image
放松,"fang4song1,fàng sōng,fang4 song1,fàngsōng",relax; loosen; slacken,"Type the reading, Comrade",Image
丢,"diu1,diū",lose (something); throw; put aside,"Type the reading, Comrade",Image
负责,"fu4 ze2,fùzé,fù zé,fu4ze2",responsible for (something); in charge of,"Type the reading, Comrade",Image
梦,"mèng,meng4",to dream,"Type the reading, Comrade",Image
戴,"dài,dai4",put on; to wear; to respect,"Type the reading, Comrade",Image
错误,"cuòwù,cuo4 wu4,cuo4wu4,cuò wù",error; mistake; mistaken,"Type the reading, Comrade",Image
随便,"suíbiàn,suí biàn,sui2 bian4,sui2bian4",as one pleases; informal; random; casual,"Type the reading, Comrade",Image
经历,"jīnglì,jing1 li4,jing1li4,jīng lì",undergo; to experience,"Type the reading, Comrade",Image
支持,"zhīchí,zhi1 chi2,zhi1chi2,zhī chí",sustain; hold out; | support; stand by (e.g. international support),"Type the reading, Comrade",Image
建议,"jiàn yì,jian4 yi4,jian4yi4,jiànyì",to propose; to suggest; recommend,"Type the reading, Comrade",Image
否则,"fou3ze2,fou3 ze2,fǒuzé,fǒu zé",if not; otherwise; or else,"Type the reading, Comrade",Image
光,"guāng,guang1",light; ray; bright; only; merely; used up,"Type the reading, Comrade",Image
安排,"ān pái,ānpái,an1 pai2,an1pai2",arrange; to plan,"Type the reading, Comrade",Image
钥匙,"yao4shi5,yao4 shi5,yàoshi,yào shi",key,"Type the reading, Comrade",Image
信息,"xin4xi1,xìn xī,xin4 xi1,xìnxī",information; news; message,"Type the reading, Comrade",Image
全部,"quan2bu4,quán bù,quánbù,quan2 bu4",whole; entire; complete,"Type the reading, Comrade",Image
首先,"shǒu xiān,shou3xian1,shǒuxiān,shou3 xian1",first (of all); in the first place; firstly,"Type the reading, Comrade",Image
照,"zhao4,zhào",to shine; illuminate; according to,"Type the reading, Comrade",Image
交,"jiao1,jiāo",deliver; turn over; intersect; to pay (money); friendship,"Type the reading, Comrade",Image
台,"tái,tai2",platform; Taiwan (abbr.); desk; stage; typhoon; (mw for machines); (classical) you (in letters),"Type the reading, Comrade",Image
坚持,"jian1chi2,jian1 chi2,jiān chí,jiānchí",persist in; persevere,"Type the reading, Comrade",Image
生意,"shēngyi,shēng yi,sheng1yi5,sheng1 yi5",business; trade,"Type the reading, Comrade",Image
火,"huo3,huǒ",fire (Kangxi radical 86),"Type the reading, Comrade",Image
即使,"ji2 shi3,jí shǐ,jíshǐ,ji2shi3",even if; even though,"Type the reading, Comrade",Image
到处,"dàochù,dào chù,dao4 chu4,dao4chu4",everywhere; in all places; all over,"Type the reading, Comrade",Image
挂,"guà,gua4",hang; put up; suspend,"Type the reading, Comrade",Image
道歉,"dao4qian4,dàoqiàn,dao4 qian4,dào qiàn",apologize; make an apology,"Type the reading, Comrade",Image
可怜,"kě lián,ke3 lian2,kělián,ke3lian2",pitiful; poor; pathetic,"Type the reading, Comrade",Image
实在,"shízài,shí zài,shi2zai4,shi2 zai4",honest; in reality; honestly; indeed; certainly,"Type the reading, Comrade",Image
骗,"piàn,pian4",to cheat; to swindle; deceive,"Type the reading, Comrade",Image
原谅,"yuan2 liang4,yuán liàng,yuánliàng,yuan2liang4",to excuse; forgive; to pardon,"Type the reading, Comrade",Image
乱,"luàn,luan4",disorder; confusion; arbitrarily,"Type the reading, Comrade",Image
差不多,"chàbuduō,chà bu duō,cha4bu5duo1,cha4 bu5 duo1",almost; about the same,"Type the reading, Comrade",Image
满,"mǎn,man3",full; abbreviation for Manchurian,"Type the reading, Comrade",Image
假,"jiǎ,jia3",fake; if; borrow | vacation; holiday,"Type the reading, Comrade",Image
研究,"yánjiū,yan2 jiu1,yán jiū,yan2jiu1",to study; to research,"Type the reading, Comrade",Image
打扰,"dǎ rǎo,da3 rao3,dǎrǎo,da3rao3",disturb,"Type the reading, Comrade",Image
正确,"zhèng què,zhèngquè,zheng4 que4,zheng4que4",correct; proper,"Type the reading, Comrade",Image
收,"shou1,shōu",receive; accept; collect; to harvest,"Type the reading, Comrade",Image
秒,"miao3,miǎo",second (unit of time or angle),"Type the reading, Comrade",Image
同时,"tong2 shi2,tóngshí,tóng shí,tong2shi2",at the same time; simultaneously,"Type the reading, Comrade",Image
提供,"tí gōng,tígōng,ti2gong1,ti2 gong1",to supply; provide; furnish,"Type the reading, Comrade",Image
输,"shu1,shū","to transport; to lose (a game, etc.)","Type the reading, Comrade",Image
号码,"hao4 ma3,hàomǎ,hào mǎ,hao4ma3",number,"Type the reading, Comrade",Image
座,"zuò,zuo4","(mw for mountains, bridges, tall buildings, etc.); | seat; base; stand; constellation","Type the reading, Comrade",Image
比如,"bi3ru2,bi3 ru2,bǐ rú,bǐrú",for example; for instance; such as,"Type the reading, Comrade",Image
严重,"yán zhòng,yan2 zhong4,yánzhòng,yan2zhong4",grave; serious; critical,"Type the reading, Comrade",Image
脱,"tuō,tuo1",to shed; take off; to escape,"Type the reading, Comrade",Image
陪,"pei2,péi",accompany; keep company,"Type the reading, Comrade",Image
法律,"fa3 lv4,fǎ lǜ,fǎlǜ,fa3lv4",law; statute,"Type the reading, Comrade",Image
值得,"zhi2de5,zhí de,zhíde,zhi2 de5",be worth; deserve,"Type the reading, Comrade",Image
使用,"shi3 yong4,shi3yong4,shǐyòng,shǐ yòng",to use; employ; apply; administer; manipulate,"Type the reading, Comrade",Image
方面,"fang1mian4,fāngmiàn,fāng miàn,fang1 mian4",aspect; field; side,"Type the reading, Comrade",Image
原来,"yuan2lai2,yuan2 lai2,yuán lái,yuánlái",original; former; as it turns out,"Type the reading, Comrade",Image
讨论,"tao3lun4,tǎolùn,tao3 lun4,tǎo lùn",to discuss; discussion; to talk over,"Type the reading, Comrade",Image
说明,"shuō míng,shuōmíng,shuo1 ming2,shuo1ming2",explain; explanation; illustrate; to show,"Type the reading, Comrade",Image
仍然,"reng2ran2,reng2 ran2,réngrán,réng rán",still; yet,"Type the reading, Comrade",Image
动作,"dong4zuo4,dòngzuò,dòng zuò,dong4 zuo4",movement; motion; action,"Type the reading, Comrade",Image
受到,"shou4dao4,shou4 dao4,shòu dào,shòudào","receive (influence, restriction, etc.); be subjected to","Type the reading, Comrade",Image
赶,"gan3,gǎn",catch up; overtake; drive away,"Type the reading, Comrade",Image
怀疑,"huáiyí,huái yí,huai2yi2,huai2 yi2",doubt; to suspect; be skeptical,"Type the reading, Comrade",Image
拒绝,"jù jué,ju4 jue2,ju4jue2,jùjué",to refuse; to decline; to reject,"Type the reading, Comrade",Image
演员,"yǎnyuán,yan3yuan2,yǎn yuán,yan3 yuan2",actor or actress; performer,"Type the reading, Comrade",Image
破,"pò,po4",broken; damaged; to split,"Type the reading, Comrade",Image
因此,"yīncǐ,yin1ci3,yin1 ci3,yīn cǐ",therefore; thus; that is why; because of this,"Type the reading, Comrade",Image
答案,"dá 'àn,da2'an4,dá'àn,da2 'an4",answer; solution,"Type the reading, Comrade",Image
活动,"huó dòng,huo2dong4,huo2 dong4,huódòng",activity; exercise; move about,"Type the reading, Comrade",Image
既然,"jìrán,ji4 ran2,ji4ran2,jì rán",since; given that; now that,"Type the reading, Comrade",Image
通知,"tōng zhī,tong1zhi1,tong1 zhi1,tōngzhī",notify; to inform; notice,"Type the reading, Comrade",Image
不得不,"bu4de2bu4,bùdébù,bu4  de2  bu4,bù  dé  bù",have to; have no choice but to; cannot but,"Type the reading, Comrade",Image
无论,"wúlùn,wu2 lun4,wu2lun4,wú lùn",no matter what; regardless of whether...,"Type the reading, Comrade",Image
刀,"dao1,dāo",knife; blade (Kangxi radical 18),"Type the reading, Comrade",Image
适合,"shi4 he2,shi4he2,shì hé,shìhé",to suit; to fit,"Type the reading, Comrade",Image
失望,"shīwàng,shī wàng,shi1 wang4,shi1wang4",disappointed; lose hope,"Type the reading, Comrade",Image
允许,"yun3 xu3,yǔnxǔ,yǔn xǔ,yun3xu3",to permit; allow,"Type the reading, Comrade",Image
意见,"yì jiàn,yi4jian4,yìjiàn,yi4 jian4",opinion; view; suggestion; complaint,"Type the reading, Comrade",Image
获得,"huòdé,huo4 de2,huò dé,huo4de2",obtain; acquire; to gain,"Type the reading, Comrade",Image
要是,"yao4shi5,yao4 shi5,yàoshi,yào shi",if; suppose; in case,"Type the reading, Comrade",Image
邀请,"yāoqǐng,yao1 qing3,yāo qǐng,yao1qing3",to invite,"Type the reading, Comrade",Image
尽管,"jǐn guǎn,jin3guan3,jǐnguǎn,jin3 guan3",despite; although; even though | freely; without hesitation,"Type the reading, Comrade",Image
浪费,"lang4fei4,làngfèi,lang4 fei4,làng fèi",to waste; squander,"Type the reading, Comrade",Image
失败,"shībài,shi1bai4,shī bài,shi1 bai4",be defeated; fail; lose,"Type the reading, Comrade",Image
责任,"zé rèn,zérèn,ze2ren4,ze2 ren4",responsibility; blame; duty,"Type the reading, Comrade",Image
美丽,"mei3 li4,mei3li4,měilì,měi lì",beautiful,"Type the reading, Comrade",Image
压力,"ya1li4,ya1 li4,yā lì,yālì",pressure; stress,"Type the reading, Comrade",Image
味道,"wèi dao,wèidao,wei4dao5,wei4 dao5",flavor; taste,"Type the reading, Comrade",Image
厉害,"li4hai5,lìhai,li4 hai5,lì hai",terrible; formidable; fierce; cool; awesome,"Type the reading, Comrade",Image
出发,"chū fā,chu1 fa1,chūfā,chu1fa1",start out; set off,"Type the reading, Comrade",Image
兴奋,"xing1 fen4,xīng fèn,xing1fen4,xīngfèn",excitement; be excited,"Type the reading, Comrade",Image
观众,"guan1 zhong4,guānzhòng,guān zhòng,guan1zhong4",spectator; audience,"Type the reading, Comrade",Image
反对,"fan3dui4,fǎnduì,fǎn duì,fan3 dui4",oppose; fight against,"Type the reading, Comrade",Image
精彩,"jīng cǎi,jing1cai3,jīngcǎi,jing1 cai3",brilliant; spectacular; wonderful,"Type the reading, Comrade",Image
感情,"gǎn qíng,gǎnqíng,gan3qing2,gan3 qing2",feeling; emotion; sensation,"Type the reading, Comrade",Image
演出,"yǎn chū,yan3chu1,yan3 chu1,yǎnchū",to act (in a play); to perform; to put on a show; performance,"Type the reading, Comrade",Image
愉快,"yu2kuai4,yú kuài,yu2 kuai4,yúkuài",happy; cheerful; delightful,"Type the reading, Comrade",Image
开玩笑,"kai1wan2xiao4,kāiwánxiào,kai1  wan2 xiao4,kāi  wán xiào",joke; play a joke; make fun of,"Type the reading, Comrade",Image
杂志,"za2zhi4,zázhì,za2 zhi4,zá zhì",magazine,"Type the reading, Comrade",Image
合适,"héshì,he2 shi4,he2shi4,hé shì",suitable; proper; appropriate,"Type the reading, Comrade",Image
广告,"guǎnggào,guang3 gao4,guang3gao4,guǎng gào",advertisement; a commercial,"Type the reading, Comrade",Image
自然,"zi4ran2,zìrán,zi4 ran2,zì rán",nature; natural,"Type the reading, Comrade",Image
深,"shen1,shēn",deep; profound; dark (of colors),"Type the reading, Comrade",Image
取,"qu3,qǔ",to take; get; choose,"Type the reading, Comrade",Image
短信,"duǎnxìn,duan3xin4,duan3 xin4,duǎn xìn",text message; SMS,"Type the reading, Comrade",Image
地球,"dì qiú,di4 qiu2,di4qiu2,dìqiú",the Earth; planet,"Type the reading, Comrade",Image
帅,"shuài,shuai4",handsome; graceful; commander-in-chief,"Type the reading, Comrade",Image
推,"tui1,tuī",to push; to scrape; to decline; postpone; elect,"Type the reading, Comrade",Image
关键,"guān jiàn,guānjiàn,guan1jian4,guan1 jian4",crucial; key; pivotal,"Type the reading, Comrade",Image
空,"kong1,kōng",empty; sky | leave blank; leisure,"Type the reading, Comrade",Image
究竟,"jiūjìng,jiū jìng,jiu1 jing4,jiu1jing4",after all; when all is said and done; actually,"Type the reading, Comrade",Image
恐怕,"kǒng pà,kong3 pa4,kǒngpà,kong3pa4",be afraid; to fear; I'm afraid that...,"Type the reading, Comrade",Image
躺,"tang3,tǎng",recline; lie down (on back or side),"Type the reading, Comrade",Image
聚会,"ju4hui4,jù huì,ju4 hui4,jùhuì",hold a meeting; get together; a party,"Type the reading, Comrade",Image
方向,"fāngxiàng,fāng xiàng,fang1 xiang4,fang1xiang4",direction; orientation,"Type the reading, Comrade",Image
幸福,"xìng fú,xing4fu2,xing4 fu2,xìngfú",happy; blessed; fortunate,"Type the reading, Comrade",Image
接着,"jiē zhe,jie1zhe5,jie1 zhe5,jiēzhe",continue; carry on; to catch; follow,"Type the reading, Comrade",Image
技术,"ji4shu4,jì shù,ji4 shu4,jìshù",technology; technique; skill,"Type the reading, Comrade",Image
困,"kun4,kùn",sleepy; surround; hard-pressed,"Type the reading, Comrade",Image
困难,"kun4 nan5,kùn nan,kùnnan,kun4nan5",difficulty; difficult; problem,"Type the reading, Comrade",Image
正好,"zheng4 hao3,zheng4hao3,zhènghǎo,zhèng hǎo",just (in time); just right; just enough; happen to; by chance,"Type the reading, Comrade",Image
提醒,"ti2 xing3,ti2xing3,tíxǐng,tí xǐng",remind; call attention to; warn of,"Type the reading, Comrade",Image
旅行,"lǚ xíng,lv3xing2,lv3 xing2,lǚxíng",travel,"Type the reading, Comrade",Image
激动,"jī dòng,ji1 dong4,ji1dong4,jīdòng",excite; agitate,"Type the reading, Comrade",Image
骄傲,"jiao1 'ao4,jiao1'ao4,jiāo'ào,jiāo 'ào",proud; arrogant; conceited; take pride in,"Type the reading, Comrade",Image
毛,"máo,mao2",hair; fur; feather; dime (Kangxi radical 82),"Type the reading, Comrade",Image
节,"jié,jie2",section; part; festival; moral integrity; save; (mw for class periods),"Type the reading, Comrade",Image
许多,"xǔduō,xu3 duo1,xu3duo1,xǔ duō",many; a lot; much,"Type the reading, Comrade",Image
顺利,"shùnlì,shùn lì,shun4li4,shun4 li4",go smoothly; without a hitch; successful,"Type the reading, Comrade",Image
职业,"zhí yè,zhi2 ye4,zhíyè,zhi2ye4",profession; occupation,"Type the reading, Comrade",Image
赚,"zhuan4,zhuàn",earn; make a profit | to cheat; to swindle,"Type the reading, Comrade",Image
地址,"dì zhǐ,di4zhi3,di4 zhi3,dìzhǐ",address,"Type the reading, Comrade",Image
于是,"yu2shi4,yu2 shi4,yúshì,yú shì",as a result; thus; therefore,"Type the reading, Comrade",Image
收拾,"shōushi,shou1shi5,shōu shi,shou1 shi5",to tidy; put in order; to repair; to settle with; punish,"Type the reading, Comrade",Image
周围,"zhou1 wei2,zhōuwéi,zhōu wéi,zhou1wei2",surroundings; vicinity; environment,"Type the reading, Comrade",Image
爱情,"ai4 qing2,ai4qing2,àiqíng,ài qíng",(romantic) love,"Type the reading, Comrade",Image
尊重,"zūn zhòng,zūnzhòng,zun1zhong4,zun1 zhong4",esteem; to respect; to value; to honor,"Type the reading, Comrade",Image
十分,"shi2 fen1,shi2fen1,shífēn,shí fēn",very; fully; 100%,"Type the reading, Comrade",Image
教授,"jiao4shou4,jiao4 shou4,jiàoshòu,jiào shòu",professor; instruct; to lecture,"Type the reading, Comrade",Image
超过,"chao1 guo4,chāoguò,chāo guò,chao1guo4",surpass; exceed; outstrip,"Type the reading, Comrade",Image
寄,"jì,ji4",send by mail,"Type the reading, Comrade",Image
顺便,"shun4bian4,shùn biàn,shun4 bian4,shùnbiàn",conveniently; in passing; on the way,"Type the reading, Comrade",Image
无聊,"wú liáo,wúliáo,wu2liao2,wu2 liao2",nonsense; bored; silly; stupid,"Type the reading, Comrade",Image
目的,"mu4di4,mùdì,mù dì,mu4 di4",purpose; aim; goal,"Type the reading, Comrade",Image
低,"di1,dī",low; to lower (one's head); droop,"Type the reading, Comrade",Image
剩,"shèng,sheng4",have as remainder; be left over; surplus,"Type the reading, Comrade",Image
复杂,"fùzá,fu4za2,fu4 za2,fù zá",complicated; complex,"Type the reading, Comrade",Image
社会,"shè huì,she4 hui4,she4hui4,shèhuì",society,"Type the reading, Comrade",Image
故意,"gu4 yi4,gùyì,gu4yi4,gù yì",deliberately; intentional; on purpose,"Type the reading, Comrade",Image
好处,"hao3chu5,hǎo chu,hǎochu,hao3 chu5",benefit; advantage,"Type the reading, Comrade",Image
竟然,"jing4ran2,jìng rán,jìngrán,jing4 ran2",unexpectedly; to one's surprise; go so far as to,"Type the reading, Comrade",Image
表示,"biao3 shi4,biao3shi4,biǎoshì,biǎo shì",express; show; indicate,"Type the reading, Comrade",Image
印象,"yìnxiàng,yin4xiang4,yin4 xiang4,yìn xiàng",impression,"Type the reading, Comrade",Image
出生,"chu1 sheng1,chū shēng,chūshēng,chu1sheng1",be born,"Type the reading, Comrade",Image
估计,"gū jì,gūjì,gu1ji4,gu1 ji4",appraise; estimate,"Type the reading, Comrade",Image
地点,"di4 dian3,dì diǎn,di4dian3,dìdiǎn",place; site; location,"Type the reading, Comrade",Image
轻,"qīng,qing1",light; easy; gentle; soft,"Type the reading, Comrade",Image
轻松,"qing1 song1,qīngsōng,qīng sōng,qing1song1",relaxed; gentle; easygoing,"Type the reading, Comrade",Image
作用,"zuo4 yong4,zuòyòng,zuo4yong4,zuò yòng",action; activity; effect,"Type the reading, Comrade",Image
举,"ju3,jǔ",lift; raise; cite,"Type the reading, Comrade",Image
小伙子,"xiǎo huǒ zi,xiao3 huo3 zi5,xiao3huo3zi5,xiǎohuǒzi",young man; lad; youngster,"Type the reading, Comrade",Image
著名,"zhu4ming2,zhùmíng,zhu4 ming2,zhù míng",famous; well-known; celebration,"Type the reading, Comrade",Image
免费,"mian3fei4,mian3  fei4,miǎn  fèi,miǎnfèi",free (of charge); no cost,"Type the reading, Comrade",Image
伤心,"shang1 xin1,shāngxīn,shāng xīn,shang1xin1",sad; grieve; brokenhearted,"Type the reading, Comrade",Image
记者,"jì zhě,ji4zhe3,ji4 zhe3,jìzhě",reporter; journalist,"Type the reading, Comrade",Image
仔细,"zǐ xì,zi3xi4,zǐxì,zi3 xi4",careful; attentive; cautious,"Type the reading, Comrade",Image
巧克力,"qiao3ke4li4,qiǎo kè lì,qiǎokèlì,qiao3 ke4 li4",chocolate,"Type the reading, Comrade",Image
辣,"là,la4",hot (spicy),"Type the reading, Comrade",Image
互相,"hù xiāng,hùxiāng,hu4xiang1,hu4 xiang1",mutually; with each other,"Type the reading, Comrade",Image
厕所,"cè suǒ,cèsuǒ,ce4 suo3,ce4suo3",bathroom; toilet; lavatory,"Type the reading, Comrade",Image
过程,"guo4cheng2,guòchéng,guo4 cheng2,guò chéng",course of events; process,"Type the reading, Comrade",Image
申请,"shēnqǐng,shen1qing3,shēn qǐng,shen1 qing3",apply for; application,"Type the reading, Comrade",Image
引起,"yin3 qi3,yǐn qǐ,yǐnqǐ,yin3qi3",give rise to; lead to; to cause; arouse,"Type the reading, Comrade",Image
发展,"fa1zhan3,fāzhǎn,fa1 zhan3,fā zhǎn",develop; development; growth,"Type the reading, Comrade",Image
毕业,"bi4  ye4,bìyè,bì  yè,bi4ye4",to graduate; to finish school,"Type the reading, Comrade",Image
正式,"zhèng shì,zhèngshì,zheng4 shi4,zheng4shi4",formal; official,"Type the reading, Comrade",Image
厨房,"chu2fang2,chu2 fang2,chú fáng,chúfáng",kitchen,"Type the reading, Comrade",Image
专业,"zhuan1 ye4,zhuānyè,zhuan1ye4,zhuān yè",profession; specialized field of study; major,"Type the reading, Comrade",Image
吸引,"xīyǐn,xi1 yin3,xī yǐn,xi1yin3","attract (interest, investment, etc.)","Type the reading, Comrade",Image
心情,"xin1 qing2,xīn qíng,xin1qing2,xīnqíng",mood; state of mind,"Type the reading, Comrade",Image
祝贺,"zhu4 he4,zhù hè,zhùhè,zhu4he4",congratulate,"Type the reading, Comrade",Image
条件,"tiao2jian4,tiáo jiàn,tiao2 jian4,tiáojiàn",condition; circumstances; prerequisite,"Type the reading, Comrade",Image
千万,"qiān wàn,qian1wan4,qian1 wan4,qiānwàn",ten million; be sure to; must,"Type the reading, Comrade",Image
糖,"táng,tang2",sugar; candy; sweets,"Type the reading, Comrade",Image
趟,"tang4,tàng",trips [counter word],"Type the reading, Comrade",Image
由于,"yóuyú,yóu yú,you2yu2,you2 yu2",due to; owing to; as a result of; thanks to,"Type the reading, Comrade",Image
密码,"mì mǎ,mi4 ma3,mi4ma3,mìmǎ",password; secret code,"Type the reading, Comrade",Image
倍,"bèi,bei4","(two, three, etc)-fold; times (multiplier)","Type the reading, Comrade",Image
擦,"ca1,cā",to wipe; to rub; to polish,"Type the reading, Comrade",Image
尤其,"you2 qi2,yóuqí,you2qi2,yóu qí",especially; particularly,"Type the reading, Comrade",Image
经验,"jīng yàn,jing1 yan4,jing1yan4,jīngyàn",experience,"Type the reading, Comrade",Image
盒子,"he2 zi5,he2zi5,hézi,hé zi",box,"Type the reading, Comrade",Image
干杯,"gān  bēi,gan1bei1,gānbēi,gan1  bei1",to drink a toast; cheers!; bottoms up!,"Type the reading, Comrade",Image
看法,"kan4 fa3,kan4fa3,kànfǎ,kàn fǎ",point of view; opinion,"Type the reading, Comrade",Image
脏,"zang1,zāng",filthy; dirty | internal organs; viscera,"Type the reading, Comrade",Image
艺术,"yi4shu4,yi4 shu4,yìshù,yì shù",art,"Type the reading, Comrade",Image
速度,"su4du4,su4 du4,sùdù,sù dù",speed; rate; velocity,"Type the reading, Comrade",Image
勇敢,"yǒnggǎn,yǒng gǎn,yong3gan3,yong3 gan3",brave; courageous,"Type the reading, Comrade",Image
数字,"shùzì,shu4 zi4,shù zì,shu4zi4",number; numeral; figure; digit,"Type the reading, Comrade",Image
暂时,"zan4 shi2,zànshí,zàn shí,zan4shi2",temporary; transient; for the moment,"Type the reading, Comrade",Image
优秀,"yōuxiù,you1 xiu4,yōu xiù,you1xiu4",outstanding; excellent,"Type the reading, Comrade",Image
笑话,"xiào hua,xiàohua,xiao4hua5,xiao4 hua5",joke; laugh at,"Type the reading, Comrade",Image
可惜,"kěxī,ke3xi1,kě xī,ke3 xi1",it's a pity; regrettable; too bad,"Type the reading, Comrade",Image
响,"xiang3,xiǎng",make a sound; to ring; echo,"Type the reading, Comrade",Image
省,"shěng,sheng3",to save; economize; omit; province | examine oneself; to visit; be aware,"Type the reading, Comrade",Image
笨,"ben4,bèn",stupid; foolish; silly; dumb; clumsy,"Type the reading, Comrade",Image
科学,"ke1 xue2,kēxué,kē xué,ke1xue2",science; scientific knowledge,"Type the reading, Comrade",Image
餐厅,"cāntīng,can1ting1,can1 ting1,cān tīng",dining hall; cafeteria; restaurant,"Type the reading, Comrade",Image
各,"ge4,gè",each; every,"Type the reading, Comrade",Image
距离,"ju4 li2,jùlí,ju4li2,jù lí",distance; be apart; away from,"Type the reading, Comrade",Image
窗户,"chuang1 hu5,chuānghu,chuāng hu,chuang1hu5",window,"Type the reading, Comrade",Image
空气,"kōngqì,kōng qì,kong1qi4,kong1 qi4",air,"Type the reading, Comrade",Image
护士,"hù shi,hu4 shi5,hu4shi5,hùshi",nurse,"Type the reading, Comrade",Image
后悔,"hou4 hui3,hòuhuǐ,hou4hui3,hòu huǐ",to regret; repent,"Type the reading, Comrade",Image
大约,"da4yue1,dà yuē,dàyuē,da4 yue1",approximately; about,"Type the reading, Comrade",Image
内容,"nèi róng,nèiróng,nei4 rong2,nei4rong2",content; substance; details,"Type the reading, Comrade",Image
规定,"guī dìng,gui1 ding4,guīdìng,gui1ding4",regulation; stipulate; fix; set,"Type the reading, Comrade",Image
效果,"xiao4 guo3,xiao4guo3,xiàoguǒ,xiào guǒ",effect; result,"Type the reading, Comrade",Image
现金,"xian4 jin1,xian4jin1,xiànjīn,xiàn jīn",cash,"Type the reading, Comrade",Image
儿童,"er2 tong2,er2tong2,értóng,ér tóng",child; children,"Type the reading, Comrade",Image
租,"zū,zu1",to rent,"Type the reading, Comrade",Image
篇,"piān,pian1",sheet; (mw for articles); piece of writing,"Type the reading, Comrade",Image
浪漫,"lang4 man4,lang4man4,làngmàn,làng màn",romantic,"Type the reading, Comrade",Image
态度,"tài du,tàidu,tai4 du5,tai4du5",manner; bearing; attitude,"Type the reading, Comrade",Image
自信,"zi4xin4,zìxìn,zì xìn,zi4 xin4",self-confidence,"Type the reading, Comrade",Image
吃惊,"chi1  jing1,chi1jing1,chījīng,chī  jīng",be startled; be shocked; be amazed,"Type the reading, Comrade",Image
熟悉,"shú xī,shúxī,shu2 xi1,shu2xi1",familiar with; know well,"Type the reading, Comrade",Image
按照,"an4zhao4,ànzhào,an4 zhao4,àn zhào",according to; in accordance with; in light of,"Type the reading, Comrade",Image
世纪,"shi4ji4,shì jì,shìjì,shi4 ji4",century,"Type the reading, Comrade",Image
回忆,"hui2 yi4,huíyì,huí yì,hui2yi4",to recall; recollect,"Type the reading, Comrade",Image
相同,"xiāngtóng,xiang1tong2,xiang1 tong2,xiāng tóng",identical; same; alike,"Type the reading, Comrade",Image
重点,"zhong4dian3,zhong4 dian3,zhòngdiǎn,zhòng diǎn",emphasis; main point,"Type the reading, Comrade",Image
教育,"jiao4yu4,jiao4 yu4,jiào yù,jiàoyù",education,"Type the reading, Comrade",Image
受不了,"shòu  bu  liǎo,shòubuliǎo,shou4  bu5  liao3,shou4bu5liao3",cannot endure; unbearable; can't stand,"Type the reading, Comrade",Image
皮肤,"pí fū,pi2 fu1,pi2fu1,pífū",skin,"Type the reading, Comrade",Image
区别,"qu1 bie2,qū bié,qu1bie2,qūbié",difference; distinguish,"Type the reading, Comrade",Image
左右,"zuǒyòu,zuǒ yòu,zuo3 you4,zuo3you4",about; approximate; around | left and right,"Type the reading, Comrade",Image
阳光,"yángguāng,yang2guang1,yang2 guang1,yáng guāng",sunshine; sunlight,"Type the reading, Comrade",Image
页,"yè,ye4",page; leaf (Kangxi radical 181),"Type the reading, Comrade",Image
文章,"wén zhāng,wen2zhang1,wen2 zhang1,wénzhāng",article; essay,"Type the reading, Comrade",Image
语言,"yu3yan2,yǔyán,yu3 yan2,yǔ yán",language,"Type the reading, Comrade",Image
标准,"biao1 zhun3,biāo zhǔn,biāozhǔn,biao1zhun3",(an official) standard; norm; criterion,"Type the reading, Comrade",Image
管理,"guan3li3,guǎn lǐ,guǎnlǐ,guan3 li3",supervise; manage,"Type the reading, Comrade",Image
误会,"wu4 hui4,wùhuì,wù huì,wu4hui4",to misunderstand; to mistake,"Type the reading, Comrade",Image
桥,"qiao2,qiáo",bridge,"Type the reading, Comrade",Image
举行,"jǔxíng,ju3 xing2,jǔ xíng,ju3xing2","convene; to hold (a meeting, ceremony, etc.)","Type the reading, Comrade",Image
肚子,"dùzi,du4 zi5,du4zi5,dù zi",belly; abdomen; stomach,"Type the reading, Comrade",Image
不仅,"bùjǐn,bù jǐn,bu4jin3,bu4 jin3",not only; not just,"Type the reading, Comrade",Image
饼干,"bǐnggān,bing3 gan1,bing3gan1,bǐng gān",biscuit; cracker; cookie,"Type the reading, Comrade",Image
国际,"guo2ji4,guó jì,guo2 ji4,guójì",international,"Type the reading, Comrade",Image
信心,"xìnxīn,xin4 xin1,xìn xīn,xin4xin1",confidence; faith (in sb. or sth.),"Type the reading, Comrade",Image
抬,"tái,tai2",to lift; to raise (with both palms up); carry (together),"Type the reading, Comrade",Image
竞争,"jìngzhēng,jing4zheng1,jing4 zheng1,jìng zhēng",compete,"Type the reading, Comrade",Image
汤,"tang1,tāng",soup; broth,"Type the reading, Comrade",Image
作家,"zuo4jia1,zuo4 jia1,zuòjiā,zuò jiā",author; writer,"Type the reading, Comrade",Image
诚实,"cheng2shi2,chéng shí,cheng2 shi2,chéngshí",honest; honorable,"Type the reading, Comrade",Image
顾客,"gu4ke4,gùkè,gù kè,gu4 ke4",customer; client,"Type the reading, Comrade",Image
存,"cun2,cún",exist; to deposit; to store,"Type the reading, Comrade",Image
香,"xiāng,xiang1",fragrant; savory (Kangxi radical 186),"Type the reading, Comrade",Image
打扮,"da3ban5,dǎban,da3 ban5,dǎ ban",dress up; put on make up,"Type the reading, Comrade",Image
交流,"jiāo liú,jiao1 liu2,jiāoliú,jiao1liu2",communicate; exchange; give and take; interaction; to alternate,"Type the reading, Comrade",Image
年龄,"nian2 ling2,nian2ling2,nián líng,niánlíng",(a person's) age,"Type the reading, Comrade",Image
小说,"xiao3 shuo1,xiǎoshuō,xiao3shuo1,xiǎo shuō",novel; fiction,"Type the reading, Comrade",Image
符合,"fú hé,fu2he2,fu2 he2,fúhé",in keeping with; in accordance with; conform,"Type the reading, Comrade",Image
交通,"jiao1 tong1,jiao1tong1,jiāo tōng,jiāotōng",traffic; transportation,"Type the reading, Comrade",Image
共同,"gòngtóng,gong4tong2,gòng tóng,gong4 tong2",together; common; joint,"Type the reading, Comrade",Image
稍微,"shao1wei1,shao1 wei1,shāo wēi,shāowēi",a little bit; slightly,"Type the reading, Comrade",Image
增加,"zēng jiā,zēngjiā,zeng1jia1,zeng1 jia1",to increase; to raise; add,"Type the reading, Comrade",Image
敲,"qiāo,qiao1",knock; blackmail,"Type the reading, Comrade",Image
适应,"shi4 ying4,shì yìng,shìyìng,shi4ying4",to suit; to fit; adapt,"Type the reading, Comrade",Image
苦,"kǔ,ku3",bitter; miserable,"Type the reading, Comrade",Image
辛苦,"xīnkǔ,xin1 ku3,xīn kǔ,xin1ku3",hard; exhausting; toilsome; laborious,"Type the reading, Comrade",Image
然而,"rán 'ér,rán'ér,ran2'er2,ran2 'er2",however; yet; but,"Type the reading, Comrade",Image
耐心,"nai4 xin1,nai4xin1,nàixīn,nài xīn",to be patient,"Type the reading, Comrade",Image
将来,"jiang1 lai2,jiang1lai2,jiāng lái,jiānglái",the future,"Type the reading, Comrade",Image
沙发,"shā fā,sha1 fa1,shāfā,sha1fa1",sofa,"Type the reading, Comrade",Image
最好,"zui4 hao3,zui4hao3,zuìhǎo,zuì hǎo",the best; had better ...; it would be best,"Type the reading, Comrade",Image
禁止,"jìnzhǐ,jin4 zhi3,jìn zhǐ,jin4zhi3",to ban; prohibit,"Type the reading, Comrade",Image
经济,"jīng jì,jing1ji4,jing1 ji4,jīngjì",economy; economic,"Type the reading, Comrade",Image
座位,"zuòwèi,zuo4wei4,zuò wèi,zuo4 wei4",seat; place,"Type the reading, Comrade",Image
购物,"gòuwù,gou4 wu4,gòu wù,gou4wu4",go shopping; buy goods,"Type the reading, Comrade",Image
抽烟,"chōu yān,chou1 yan1,chōuyān,chou1yan1","to smoke (a cigarette, pipe, etc.)","Type the reading, Comrade",Image
航班,"hang2 ban1,háng bān,hángbān,hang2ban1",scheduled flight; flight number,"Type the reading, Comrade",Image
礼貌,"li3 mao4,lǐ mào,li3mao4,lǐmào",courtesy; politeness; manners,"Type the reading, Comrade",Image
提前,"tí qián,ti2 qian2,tíqián,ti2qian2",shift to an earlier date; bring forward; to advance,"Type the reading, Comrade",Image
判断,"pan4 duan4,pan4duan4,pànduàn,pàn duàn",to judge; judgment; to decide,"Type the reading, Comrade",Image
胳膊,"gēbo,ge1bo5,ge1 bo5,gē bo",arm,"Type the reading, Comrade",Image
整理,"zhěnglǐ,zheng3li3,zheng3 li3,zhěng lǐ",put in order; arrange; straighten up; to tidy; to pack (luggage),"Type the reading, Comrade",Image
森林,"sen1 lin2,sēnlín,sēn lín,sen1lin2",forest,"Type the reading, Comrade",Image
同情,"tong2 qing2,tóngqíng,tóng qíng,tong2qing2",compassion; sympathy,"Type the reading, Comrade",Image
网站,"wang3 zhan4,wǎngzhàn,wǎng zhàn,wang3zhan4",website,"Type the reading, Comrade",Image
商量,"shang1liang5,shang1 liang5,shāng liang,shāngliang",consult; talk over; discuss,"Type the reading, Comrade",Image
眼镜,"yan3jing4,yǎnjìng,yan3 jing4,yǎn jìng",glasses; spectacles,"Type the reading, Comrade",Image
镜子,"jing4 zi5,jìng zi,jing4zi5,jìngzi",mirror,"Type the reading, Comrade",Image
广播,"guǎng bō,guang3bo1,guang3 bo1,guǎngbō",broadcast; on the air,"Type the reading, Comrade",Image
专门,"zhuan1 men2,zhuān mén,zhuan1men2,zhuānmén",specialized,"Type the reading, Comrade",Image
弹钢琴,"tan2  gang1 qin2,tan2gang1qin2,tán  gāng qín,tángāngqín",play the piano,"Type the reading, Comrade",Image
尝,"chang2,cháng",to taste; flavor; (past tense marker),"Type the reading, Comrade",Image
流行,"liu2xing2,liu2 xing2,liúxíng,liú xíng",spread; prevalent; be popular,"Type the reading, Comrade",Image
材料,"cái liào,cai2liao4,cai2 liao4,cáiliào",material,"Type the reading, Comrade",Image
对话,"dui4 hua4,duìhuà,dui4hua4,duì huà",dialogue; conversation,"Type the reading, Comrade",Image
详细,"xiang2xi4,xiáng xì,xiángxì,xiang2 xi4",detailed; in detail; minute,"Type the reading, Comrade",Image
随着,"sui2 zhe5,suízhe,sui2zhe5,suí zhe",along with; in the wake of,"Type the reading, Comrade",Image
降落,"jiàng luò,jiang4luo4,jiàngluò,jiang4 luo4",descend; to land; put down,"Type the reading, Comrade",Image
功夫,"gōng fu,gong1 fu5,gōngfu,gong1fu5",kung fu; skill; art; labor,"Type the reading, Comrade",Image
严格,"yan2 ge2,yan2ge2,yán gé,yángé",strict; stringent; tight,"Type the reading, Comrade",Image
日记,"rì jì,rìjì,ri4 ji4,ri4ji4",diary,"Type the reading, Comrade",Image
偶尔,"ǒu 'ěr,ou3 'er3,ǒu'ěr,ou3'er3",occasionally; once in a while; sometimes,"Type the reading, Comrade",Image
实际,"shí jì,shíjì,shi2 ji4,shi2ji4",actual; reality; practice,"Type the reading, Comrade",Image
友好,"you3 hao3,yǒuhǎo,yǒu hǎo,you3hao3",friendly (relations); close friends,"Type the reading, Comrade",Image
相反,"xiang1fan3,xiāng fǎn,xiang1 fan3,xiāngfǎn",opposite; contrary,"Type the reading, Comrade",Image
大夫,"dai4fu5,dài fu,dàifu,dai4 fu5",doctor; physician,"Type the reading, Comrade",Image
友谊,"yǒuyì,you3yi4,yǒu yì,you3 yi4",friendship; companionship,"Type the reading, Comrade",Image
准确,"zhun3 que4,zhun3que4,zhǔnquè,zhǔn què",accurate; precise,"Type the reading, Comrade",Image
平时,"píngshí,ping2shi2,ping2 shi2,píng shí",ordinarily; in normal times; in peacetime,"Type the reading, Comrade",Image
对面,"duì miàn,duìmiàn,dui4mian4,dui4 mian4",opposite; across from; the other side,"Type the reading, Comrade",Image
脾气,"pí qi,pi2 qi5,píqi,pi2qi5",temperament; disposition; temper,"Type the reading, Comrade",Image
价格,"jia4 ge2,jiàgé,jià gé,jia4ge2",price,"Type the reading, Comrade",Image
性格,"xing4ge2,xìng gé,xìnggé,xing4 ge2",nature; personality; temperament,"Type the reading, Comrade",Image
鼓励,"gu3li4,gu3 li4,gǔ lì,gǔlì",encourage; inspire,"Type the reading, Comrade",Image
及时,"ji2shi2,ji2 shi2,jí shí,jíshí",timely; in time; promptly; without delay,"Type the reading, Comrade",Image
迷路,"mílù,mi2 lu4,mi2lu4,mí lù",to get lost,"Type the reading, Comrade",Image
棵,"kē,ke1",(mw for plants),"Type the reading, Comrade",Image
理想,"lǐxiǎng,lǐ xiǎng,li3 xiang3,li3xiang3",ideal,"Type the reading, Comrade",Image
工资,"gōngzī,gōng zī,gong1 zi1,gong1zi1",wages; pay; earnings; salary,"Type the reading, Comrade",Image
散步,"sàn  bù,san4bu4,sànbù,san4  bu4",to go for a walk,"Type the reading, Comrade",Image
只好,"zhi3 hao3,zhǐ hǎo,zhi3hao3,zhǐhǎo",have to; be forced to,"Type the reading, Comrade",Image
感动,"gan3 dong4,gǎndòng,gǎn dòng,gan3dong4",be moved; to touch emotionally,"Type the reading, Comrade",Image
知识,"zhi1shi5,zhī shi,zhi1 shi5,zhīshi",knowledge; intellectual,"Type the reading, Comrade",Image
难受,"nan2 shou4,nan2shou4,nánshòu,nán shòu",feel unwell; to suffer pain,"Type the reading, Comrade",Image
奖金,"jiang3jin1,jiǎngjīn,jiang3 jin1,jiǎng jīn",bonus,"Type the reading, Comrade",Image
幽默,"you1 mo4,yōu mò,you1mo4,yōumò",humorous,"Type the reading, Comrade",Image
孙子,"sun1zi5,sūn zi,sun1 zi5,sūnzi",grandson; son's son,"Type the reading, Comrade",Image
汗,"han4,hàn",sweat; perspiration; Khan,"Type the reading, Comrade",Image
收入,"shou1ru4,shōu rù,shōurù,shou1 ru4",take in; income; revenue,"Type the reading, Comrade",Image
酸,"suān,suan1",sour; sore; ache,"Type the reading, Comrade",Image
公里,"gong1li3,gong1 li3,gōnglǐ,gōng lǐ",kilometer,"Type the reading, Comrade",Image
害羞,"hàixiū,hai4  xiu1,hài  xiū,hai4xiu1",blush; shy,"Type the reading, Comrade",Image
基础,"ji1chu3,jīchǔ,jī chǔ,ji1 chu3",base; foundation,"Type the reading, Comrade",Image
准时,"zhǔn shí,zhun3 shi2,zhǔnshí,zhun3shi2",punctually; on time,"Type the reading, Comrade",Image
积极,"ji1 ji2,jījí,jī jí,ji1ji2",active; positive; energetic,"Type the reading, Comrade",Image
富,"fù,fu4",wealthy,"Type the reading, Comrade",Image
力气,"li4 qi5,li4qi5,lìqi,lì qi",physical strength; effort,"Type the reading, Comrade",Image
入口,"rùkǒu,rù kǒu,ru4 kou3,ru4kou3",entrance,"Type the reading, Comrade",Image
袜子,"wa4 zi5,wà zi,wa4zi5,wàzi",socks; stockings,"Type the reading, Comrade",Image
烦恼,"fan2 nao3,fán nǎo,fan2nao3,fánnǎo",worried; vexed,"Type the reading, Comrade",Image
举办,"ju3ban4,jǔ bàn,ju3 ban4,jǔbàn",to conduct; to hold,"Type the reading, Comrade",Image
修理,"xiūlǐ,xiu1 li3,xiu1li3,xiū lǐ",to repair; perform maintenance; to overhaul,"Type the reading, Comrade",Image
减少,"jiǎnshǎo,jiǎn shǎo,jian3 shao3,jian3shao3",reduce; to decrease,"Type the reading, Comrade",Image
亲戚,"qin1qi5,qīnqi,qin1 qi5,qīn qi",a relative (i.e. family relation),"Type the reading, Comrade",Image
参观,"can1 guan1,cān guān,cānguān,can1guan1","to visit (a place, such as a tourist spot); inspect","Type the reading, Comrade",Image
丰富,"feng1fu4,fēng fù,fēngfù,feng1 fu4",rich; enrich; abundant; plentiful,"Type the reading, Comrade",Image
果汁,"guǒzhī,guo3zhi1,guǒ zhī,guo3 zhi1",fruit juice,"Type the reading, Comrade",Image
毛巾,"mao2jin1,máo jīn,máojīn,mao2 jin1",towel; washcloth,"Type the reading, Comrade",Image
作者,"zuo4zhe3,zuo4 zhe3,zuòzhě,zuò zhě",author; writer,"Type the reading, Comrade",Image
海洋,"hai3yang2,hai3 yang2,hǎi yáng,hǎiyáng",ocean,"Type the reading, Comrade",Image
批评,"pī píng,pi1ping2,pi1 ping2,pīpíng",criticize,"Type the reading, Comrade",Image
排队,"pái  duì,pai2  dui4,pai2dui4,páiduì",queue; stand in line,"Type the reading, Comrade",Image
例如,"li4ru2,lìrú,lì rú,li4 ru2",for example; for instance,"Type the reading, Comrade",Image
植物,"zhi2 wu4,zhi2wu4,zhí wù,zhíwù",plant; botanical; vegetation,"Type the reading, Comrade",Image
穷,"qióng,qiong2",poor; exhausted,"Type the reading, Comrade",Image
家具,"jia1 ju4,jia1ju4,jiājù,jiā jù",furniture,"Type the reading, Comrade",Image
盐,"yan2,yán",salt,"Type the reading, Comrade",Image
温度,"wēndù,wen1du4,wen1 du4,wēn dù",temperature,"Type the reading, Comrade",Image
数量,"shùliàng,shu4liang4,shù liàng,shu4 liang4",amount; quantity; number,"Type the reading, Comrade",Image
逛,"guàng,guang4",to stroll; to visit; go window shopping,"Type the reading, Comrade",Image
厚,"hou4,hòu",thick (for flat things); generous,"Type the reading, Comrade",Image
亚洲,"yà zhōu,yàzhōu,ya4 zhou1,ya4zhou1",Asia,"Type the reading, Comrade",Image
来不及,"lái  bu  jí,láibují,lai2bu5ji2,lai2  bu5  ji2",there's not enough time (to do something); it's too late,"Type the reading, Comrade",Image
师傅,"shī fu,shi1 fu5,shīfu,shi1fu5",master; qualified worker; teacher,"Type the reading, Comrade",Image
污染,"wu1ran3,wūrǎn,wū rǎn,wu1 ran3",pollution; contamination,"Type the reading, Comrade",Image
来得及,"lai2  de5  ji2,lái  de  jí,lai2de5ji2,láidejí",there's still time,"Type the reading, Comrade",Image
减肥,"jiǎn féi,jian3fei2,jiǎnféi,jian3 fei2",go on a diet; lose weight,"Type the reading, Comrade",Image
客厅,"ke4ting1,kètīng,kè tīng,ke4 ting1",living room; parlor,"Type the reading, Comrade",Image
缺少,"quēshǎo,que1shao3,quē shǎo,que1 shao3",to lack; be short of; be deficient in,"Type the reading, Comrade",Image
老虎,"lao3 hu3,lǎohǔ,lao3hu3,lǎo hǔ",tiger,"Type the reading, Comrade",Image
降低,"jiang4 di1,jiang4di1,jiàngdī,jiàng dī",reduce; to lower; to drop,"Type the reading, Comrade",Image
云,"yún,yun2",cloud; Yunnan province | say; speak,"Type the reading, Comrade",Image
质量,"zhìliàng,zhi4liang4,zhi4 liang4,zhì liàng",quality; mass (physics),"Type the reading, Comrade",Image
学期,"xue2 qi1,xué qī,xuéqī,xue2qi1",semester; school term,"Type the reading, Comrade",Image
卫生间,"wei4 sheng1 jian1,wei4sheng1jian1,wèishēngjiān,wèi shēng jiān",restroom; bathroom; water closet (WC),"Type the reading, Comrade",Image
网球,"wǎngqiú,wǎng qiú,wang3qiu2,wang3 qiu2",tennis; tennis ball,"Type the reading, Comrade",Image
其次,"qi2 ci4,qícì,qi2ci4,qí cì",next; secondly,"Type the reading, Comrade",Image
打招呼,"dǎzhāohu,da3 zhao1 hu5,dǎ zhāo hu,da3zhao1hu5",notify; greet; inform,"Type the reading, Comrade",Image
表格,"biao3ge2,biǎogé,biǎo gé,biao3 ge2",form (document),"Type the reading, Comrade",Image
阅读,"yuè dú,yue4du2,yue4 du2,yuèdú",read; reading,"Type the reading, Comrade",Image
信封,"xìnfēng,xin4feng1,xìn fēng,xin4 feng1",envelope,"Type the reading, Comrade",Image
顺序,"shun4xu4,shun4 xu4,shùnxù,shùn xù",sequence; order,"Type the reading, Comrade",Image
放暑假,"fàng  shǔ jià,fàngshǔjià,fang4shu3jia4,fang4  shu3 jia4",have summer vacation,"Type the reading, Comrade",Image
乘坐,"chéngzuò,cheng2 zuo4,chéng zuò,cheng2zuo4",ride; get into (a vehicle),"Type the reading, Comrade",Image
重视,"zhong4 shi4,zhòng shì,zhòngshì,zhong4shi4",to value; take seriously,"Type the reading, Comrade",Image
推迟,"tuīchí,tuī chí,tui1chi2,tui1 chi2",postpone; defer,"Type the reading, Comrade",Image
缺点,"quēdiǎn,que1dian3,que1 dian3,quē diǎn",weak point; defect; fault; shortcoming,"Type the reading, Comrade",Image
加油站,"jiā yóu zhàn,jia1 you2 zhan4,jia1you2zhan4,jiāyóuzhàn",gas station,"Type the reading, Comrade",Image
首都,"shou3 du1,shǒudū,shǒu dū,shou3du1",capital (city),"Type the reading, Comrade",Image
羡慕,"xiànmù,xiàn mù,xian4mu4,xian4 mu4",to envy; admire,"Type the reading, Comrade",Image
零钱,"língqián,líng qián,ling2 qian2,ling2qian2",small change (of money),"Type the reading, Comrade",Image
暖和,"nuǎnhuo,nuan3 huo5,nuan3huo5,nuǎn huo",warm; nice and warm,"Type the reading, Comrade",Image
懒,"lan3,lǎn",lazy,"Type the reading, Comrade",Image
出差,"chu1  chai1,chūchāi,chū  chāi,chu1chai1",go on a business trip,"Type the reading, Comrade",Image
民族,"mín zú,min2 zu2,mínzú,min2zu2",nationality; ethnic group,"Type the reading, Comrade",Image
传真,"chuán zhēn,chuánzhēn,chuan2 zhen1,chuan2zhen1",fax; facsimile,"Type the reading, Comrade",Image
优点,"you1dian3,yōu diǎn,you1 dian3,yōudiǎn",merit; good point; a strength; a benefit,"Type the reading, Comrade",Image
垃圾桶,"la1ji1tong3,la1 ji1 tong3,lājītǒng,lā jī tǒng",garbage can,"Type the reading, Comrade",Image
加班,"jia1  ban1,jia1ban1,jiā  bān,jiābān",work overtime,"Type the reading, Comrade",Image
房东,"fáng dōng,fang2 dong1,fang2dong1,fángdōng",landlord,"Type the reading, Comrade",Image
按时,"an4 shi2,ànshí,an4shi2,àn shí",on time; on schedule,"Type the reading, Comrade",Image
葡萄,"pútao,pú tao,pu2tao5,pu2 tao5",grape,"Type the reading, Comrade",Image
往往,"wǎngwǎng,wang3wang3,wǎng wǎng,wang3 wang3",often; frequently; more often than not,"Type the reading, Comrade",Image
高速公路,"gao1su4gong1lu4,gāosùgōnglù,gāo sù  gōng lù,gao1 su4  gong1 lu4",highway,"Type the reading, Comrade",Image
得意,"de2yi4,dé yì,déyì,de2 yi4",proud of oneself; complacent,"Type the reading, Comrade",Image
特点,"te4dian3,te4 dian3,tè diǎn,tèdiǎn",a characteristic; trait; feature,"Type the reading, Comrade",Image
合格,"he2 ge2,hé gé,hégé,he2ge2",qualified; up to standard,"Type the reading, Comrade",Image
性别,"xing4 bie2,xìngbié,xing4bie2,xìng bié",gender; sex; sexual distinction,"Type the reading, Comrade",Image
报名,"bao4  ming2,bàomíng,bao4ming2,bào  míng",sign up; apply,"Type the reading, Comrade",Image
互联网,"hù lián wǎng,hu4lian2wang3,hu4 lian2 wang3,hùliánwǎng",Internet,"Type the reading, Comrade",Image
景色,"jǐng sè,jing3 se4,jǐngsè,jing3se4",scenery; landscape; scene; view,"Type the reading, Comrade",Image
大使馆,"dà shǐ guǎn,da4shi3guan3,dàshǐguǎn,da4 shi3 guan3",embassy,"Type the reading, Comrade",Image
总结,"zǒngjié,zong3 jie2,zong3jie2,zǒng jié",summarize; conclude,"Type the reading, Comrade",Image
热闹,"rènao,re4nao5,re4 nao5,rè nao",bustling; lively; busy,"Type the reading, Comrade",Image
郊区,"jiao1 qu1,jiāo qū,jiāoqū,jiao1qu1",suburbs; outskirts,"Type the reading, Comrade",Image
咳嗽,"ké sou,késou,ke2sou5,ke2 sou5",to cough,"Type the reading, Comrade",Image
签证,"qiān zhèng,qian1zheng4,qiānzhèng,qian1 zheng4",visa,"Type the reading, Comrade",Image
咸,"xián,xian2",salty; salted; all,"Type the reading, Comrade",Image
打印,"dǎ yìn,da3 yin4,dǎyìn,da3yin4",to print,"Type the reading, Comrade",Image
活泼,"huo2po5,huó po,huo2 po5,huópo",lively; vivacious,"Type the reading, Comrade",Image
邮局,"you2 ju2,you2ju2,yóu jú,yóujú",post office,"Type the reading, Comrade",Image
牙膏,"ya2gao1,yágāo,yá gāo,ya2 gao1",toothpaste,"Type the reading, Comrade",Image
气候,"qi4hou4,qi4 hou4,qì hòu,qìhòu",climate; atmosphere; weather,"Type the reading, Comrade",Image
勺子,"shao2zi5,sháo zi,shao2 zi5,sháozi",spoon; scoop; ladle,"Type the reading, Comrade",Image
付款,"fù  kuǎn,fùkuǎn,fu4  kuan3,fu4kuan3",to pay,"Type the reading, Comrade",Image
理发,"lǐfà,li3 fa4,li3fa4,lǐ fà","a barber, hairdressing; haircut","Type the reading, Comrade",Image
复印,"fu4 yin4,fu4yin4,fùyìn,fù yìn",photocopy; duplicate,"Type the reading, Comrade",Image
词语,"cíyǔ,ci2 yu3,ci2yu3,cí yǔ",words and expressions; terms,"Type the reading, Comrade",Image
表扬,"biao3yang2,biǎoyáng,biǎo yáng,biao3 yang2",to praise; commend,"Type the reading, Comrade",Image
打针,"dǎzhēn,da3 zhen1,da3zhen1,dǎ zhēn",inject; get a shot,"Type the reading, Comrade",Image
普遍,"pǔ biàn,pu3bian4,pu3 bian4,pǔbiàn",common; universal; general; widespread,"Type the reading, Comrade",Image
堵车,"dǔchē,du3che1,du3 che1,dǔ chē",traffic jam,"Type the reading, Comrade",Image
叶子,"ye4zi5,yèzi,ye4 zi5,yè zi",leaves,"Type the reading, Comrade",Image
打折,"da3zhe2,da3 zhe2,dǎ zhé,dǎzhé",sell at a discount,"Type the reading, Comrade",Image
排列,"pái liè,páiliè,pai2 lie4,pai2lie4",arrange; align; permutation,"Type the reading, Comrade",Image
凉快,"liángkuai,liáng kuai,liang2 kuai5,liang2kuai5",nice and cool; pleasantly cool,"Type the reading, Comrade",Image
塑料袋,"su4liao4dai4,sùliàodài,su4 liao4 dai4,sù liào dài",plastic bag,"Type the reading, Comrade",Image
导游,"dǎo yóu,dao3you2,dao3 you2,dǎoyóu",tour guide,"Type the reading, Comrade",Image
小吃,"xiao3 chi1,xiǎochī,xiǎo chī,xiao3chi1",snack; refreshments,"Type the reading, Comrade",Image
西红柿,"xi1 hong2 shi4,xīhóngshì,xī hóng shì,xi1hong2shi4",tomato,"Type the reading, Comrade",Image
招聘,"zhao1 pin4,zhao1pin4,zhāo pìn,zhāopìn",recruitment; take job applications for a job,"Type the reading, Comrade",Image
节约,"jié yuē,jie2yue1,jiéyuē,jie2 yue1",frugal; to save,"Type the reading, Comrade",Image
硕士,"shuò shì,shuo4shi4,shuòshì,shuo4 shi4",Master's degree (M.A.),"Type the reading, Comrade",Image
乒乓球,"pīngpāngqiú,ping1pang1qiu2,pīng pāng qiú,ping1 pang1 qiu2",ping pong; table tennis,"Type the reading, Comrade",Image
积累,"ji1lei3,jīlěi,ji1 lei3,jī lěi",accumulate; accumulation,"Type the reading, Comrade",Image
橡皮,"xiàng pí,xiàngpí,xiang4pi2,xiang4 pi2",rubber; an eraser,"Type the reading, Comrade",Image
应聘,"yìng pìn,ying4 pin4,yìngpìn,ying4pin4",accept a job offer; to apply for a job,"Type the reading, Comrade",Image
矿泉水,"kuang4 quan2 shui3,kuang4quan2shui3,kuàng quán shuǐ,kuàngquánshuǐ",mineral water,"Type the reading, Comrade",Image
长城,"cháng chéng,chángchéng,chang2 cheng2,chang2cheng2",the Great Wall,"Type the reading, Comrade",Image
语法,"yu3fa3,yu3 fa3,yǔ fǎ,yǔfǎ",grammar,"Type the reading, Comrade",Image
礼拜天,"li3 bai4 tian1,lǐbàitiān,lǐ bài tiān,li3bai4tian1",Sunday,"Type the reading, Comrade",Image
饺子,"jiǎozi,jiao3 zi5,jiǎo zi,jiao3zi5",dumpling; potsticker,"Type the reading, Comrade",Image
国籍,"guójí,guo2ji2,guo2 ji2,guó jí",nationality,"Type the reading, Comrade",Image
售货员,"shòuhuòyuán,shou4huo4yuan2,shòu huò yuán,shou4 huo4 yuan2",salesclerk; shop assistant,"Type the reading, Comrade",Image
翻译,"fānyì,fan1 yi4,fān yì,fan1yi4",translate; translation; interpret,"Type the reading, Comrade",Image
流利,"liu2li4,liú lì,liúlì,liu2 li4",fluent,"Type the reading, Comrade",Image
粗心,"cū xīn,cu1xin1,cu1 xin1,cūxīn",careless; inadvertent; negligent,"Type the reading, Comrade",Image
养成,"yang3 cheng2,yǎng chéng,yǎngchéng,yang3cheng2",cultivate; acquire; to form,"Type the reading, Comrade",Image
马虎,"mǎ hu,mǎhu,ma3hu5,ma3 hu5",careless; sloppy; casual,"Type the reading, Comrade",Image
百分之,"bai3fen1zhi1,bǎi fēn zhī,bai3 fen1 zhi1,bǎifēnzhī",percent,"Type the reading, Comrade",Image
普通话,"pu3tong1hua4,pǔ tōng huà,pu3 tong1 hua4,pǔtōnghuà",Mandarin (common language),"Type the reading, Comrade",Image
登机牌,"dēng jī pái,deng1ji1pai2,dēngjīpái,deng1 ji1 pai2",boarding pass,"Type the reading, Comrade",Image
占线,"zhàn xiàn,zhan4xian4,zhànxiàn,zhan4 xian4",the (phone) line is busy,"Type the reading, Comrade",Image
包子,"bao1 zi5,bao1zi5,bāo zi,bāozi",steamed stuffed bun,"Type the reading, Comrade",Image
羽毛球,"yǔmáoqiú,yu3mao2qiu2,yǔ máo qiú,yu3 mao2 qiu2",badminton,"Type the reading, Comrade",Image
烤鸭,"kao3ya1,kǎo yā,kao3 ya1,kǎoyā",roast duck,"Type the reading, Comrade",Image
寒假,"han2 jia4,hánjià,hán jià,han2jia4",winter vacation,"Type the reading, Comrade",Image
长江,"chang2jiang1,chángjiāng,chang2 jiang1,cháng jiāng",the Yangtze River; the Changjiang River,"Type the reading, Comrade",Image
预习,"yù xí,yu4 xi2,yu4xi2,yùxí",(of students) prepare a lesson before class; preview,"Type the reading, Comrade",Image
填空,"tian2kong4,tiánkòng,tián kòng,tian2 kong4",fill in the blanks; fill a vacancy,"Type the reading, Comrade",Image
京剧,"jing1ju4,jīngjù,jing1 ju4,jīng jù",Beijing Opera,"Type the reading, Comrade",Image
